<?xml version="1.0" encoding="UTF-8"?>
<office:document-content xmlns:office="urn:oasis:names:tc:opendocument:xmlns:office:1.0" xmlns:style="urn:oasis:names:tc:opendocument:xmlns:style:1.0" xmlns:text="urn:oasis:names:tc:opendocument:xmlns:text:1.0" xmlns:table="urn:oasis:names:tc:opendocument:xmlns:table:1.0" xmlns:draw="urn:oasis:names:tc:opendocument:xmlns:drawing:1.0" xmlns:fo="urn:oasis:names:tc:opendocument:xmlns:xsl-fo-compatible:1.0" xmlns:xlink="http://www.w3.org/1999/xlink" xmlns:dc="http://purl.org/dc/elements/1.1/" xmlns:meta="urn:oasis:names:tc:opendocument:xmlns:meta:1.0" xmlns:number="urn:oasis:names:tc:opendocument:xmlns:datastyle:1.0" xmlns:svg="urn:oasis:names:tc:opendocument:xmlns:svg-compatible:1.0" xmlns:chart="urn:oasis:names:tc:opendocument:xmlns:chart:1.0" xmlns:dr3d="urn:oasis:names:tc:opendocument:xmlns:dr3d:1.0" xmlns:math="http://www.w3.org/1998/Math/MathML" xmlns:form="urn:oasis:names:tc:opendocument:xmlns:form:1.0" xmlns:script="urn:oasis:names:tc:opendocument:xmlns:script:1.0" xmlns:ooo="http://openoffice.org/2004/office" xmlns:ooow="http://openoffice.org/2004/writer" xmlns:oooc="http://openoffice.org/2004/calc" xmlns:dom="http://www.w3.org/2001/xml-events" xmlns:xforms="http://www.w3.org/2002/xforms" xmlns:xsd="http://www.w3.org/2001/XMLSchema" xmlns:xsi="http://www.w3.org/2001/XMLSchema-instance" xmlns:rpt="http://openoffice.org/2005/report" xmlns:of="urn:oasis:names:tc:opendocument:xmlns:of:1.2" xmlns:xhtml="http://www.w3.org/1999/xhtml" xmlns:grddl="http://www.w3.org/2003/g/data-view#" xmlns:tableooo="http://openoffice.org/2009/table" xmlns:field="urn:openoffice:names:experimental:ooo-ms-interop:xmlns:field:1.0" office:version="1.2"><office:scripts/><office:font-face-decls><style:font-face style:name="Tahoma1" svg:font-family="Tahoma"/><style:font-face style:name="Times New Roman" svg:font-family="&apos;Times New Roman&apos;" style:font-family-generic="roman" style:font-pitch="variable"/><style:font-face style:name="Arial" svg:font-family="Arial" style:font-family-generic="swiss" style:font-pitch="variable"/><style:font-face style:name="Arial1" svg:font-family="Arial" style:font-adornments="Normal" style:font-family-generic="swiss" style:font-pitch="variable"/><style:font-face style:name="Andale Sans UI" svg:font-family="&apos;Andale Sans UI&apos;" style:font-family-generic="system" style:font-pitch="variable"/><style:font-face style:name="Tahoma" svg:font-family="Tahoma" style:font-family-generic="system" style:font-pitch="variable"/></office:font-face-decls><office:automatic-styles><style:style style:name="Table1" style:family="table"><style:table-properties style:width="15.007cm" fo:margin-left="0cm" fo:margin-right="-0.011cm" table:align="margins" style:shadow="none"/></style:style><style:style style:name="Table1.A" style:family="table-column"><style:table-column-properties style:column-width="3.852cm" style:rel-column-width="16822*"/></style:style><style:style style:name="Table1.B" style:family="table-column"><style:table-column-properties style:column-width="11.155cm" style:rel-column-width="48713*"/></style:style><style:style style:name="Table1.A1" style:family="table-cell"><style:table-cell-properties fo:padding="0.199cm" fo:border="none"/></style:style><style:style style:name="P1" style:family="paragraph" style:parent-style-name="Text_20_body"><style:text-properties fo:color="#008000"/></style:style><style:style style:name="P2" style:family="paragraph" style:parent-style-name="Table_20_Contents"><style:paragraph-properties fo:text-align="end" style:justify-single-word="false"/></style:style><style:style style:name="fr1" style:family="graphic" style:parent-style-name="Graphics"><style:graphic-properties style:horizontal-pos="center" style:horizontal-rel="paragraph" style:mirror="none" fo:clip="rect(0cm, 0cm, 0cm, 0cm)" draw:luminance="0%" draw:contrast="0%" draw:red="0%" draw:green="0%" draw:blue="0%" draw:gamma="100%" draw:color-inversion="false" draw:image-opacity="100%" draw:color-mode="standard"/></style:style><style:style style:name="fr2" style:family="graphic" style:parent-style-name="Graphics"><style:graphic-properties fo:margin-top="0.6cm" fo:margin-bottom="0cm" style:vertical-pos="top" style:vertical-rel="paragraph" style:horizontal-pos="center" style:horizontal-rel="paragraph" style:mirror="none" fo:clip="rect(0cm, 0cm, 0cm, 0cm)" draw:luminance="0%" draw:contrast="0%" draw:red="0%" draw:green="0%" draw:blue="0%" draw:gamma="100%" draw:color-inversion="false" draw:image-opacity="100%" draw:color-mode="standard"/></style:style><style:style style:name="fr3" style:family="graphic" style:parent-style-name="Graphics"><style:graphic-properties fo:margin-top="1cm" fo:margin-bottom="0.499cm" style:vertical-pos="top" style:vertical-rel="paragraph" style:horizontal-pos="center" style:horizontal-rel="paragraph" style:mirror="none" fo:clip="rect(0cm, 0cm, 0cm, 0cm)" draw:luminance="0%" draw:contrast="0%" draw:red="0%" draw:green="0%" draw:blue="0%" draw:gamma="100%" draw:color-inversion="false" draw:image-opacity="100%" draw:color-mode="standard"/></style:style></office:automatic-styles><office:body><office:text><text:sequence-decls><text:sequence-decl text:display-outline-level="0" text:name="Illustration"/><text:sequence-decl text:display-outline-level="0" text:name="Table"/><text:sequence-decl text:display-outline-level="0" text:name="Text"/><text:sequence-decl text:display-outline-level="0" text:name="Drawing"/></text:sequence-decls><text:h text:style-name="Heading_20_1" text:outline-level="1"><draw:frame draw:style-name="fr3" draw:name="graphics1" text:anchor-type="paragraph" svg:width="2cm" svg:height="1.48cm" draw:z-index="2"><draw:image xlink:href="Pictures/1000020100000159000000FFEF01FA4A.png" xlink:type="simple" xlink:show="embed" xlink:actuate="onLoad"/></draw:frame></text:h><table:table table:name="Table1" table:style-name="Table1"><table:table-column table:style-name="Table1.A"/><table:table-column table:style-name="Table1.B"/><table:table-row><table:table-cell table:style-name="Table1.A1" office:value-type="string"><text:p text:style-name="Table_20_Contents"><draw:frame draw:style-name="fr2" draw:name="graphics3" text:anchor-type="paragraph" svg:width="2.328cm" svg:height="2.328cm" draw:z-index="1"><draw:image xlink:href="Pictures/100000000000006E0000006EE7947608.jpg" xlink:type="simple" xlink:show="embed" xlink:actuate="onLoad"/></draw:frame></text:p></table:table-cell><table:table-cell table:style-name="Table1.A1" office:value-type="string"><text:h text:style-name="Heading_20_1" text:outline-level="1">{{ navn }}</text:h><text:h text:style-name="Heading_20_2" text:outline-level="2">{{ tittel }}</text:h></table:table-cell></table:table-row><table:table-row><table:table-cell table:style-name="Table1.A1" office:value-type="string"><text:p text:style-name="P2">{% xmlfor t in techs %} {{ t.title }}</text:p></table:table-cell><table:table-cell table:style-name="Table1.A1" office:value-type="string"><text:p text:style-name="Table_20_Contents">{{ t.data }} {% endxmlfor %}</text:p></table:table-cell></table:table-row><table:table-row><table:table-cell table:style-name="Table1.A1" office:value-type="string"><text:p text:style-name="P2">Something else</text:p></table:table-cell><table:table-cell table:style-name="Table1.A1" office:value-type="string"><text:p text:style-name="Table_20_Contents">Something else...</text:p></table:table-cell></table:table-row></table:table><text:p text:style-name="Text_20_body"/></office:text></office:body></office:document-content>