<?xml version="1.0" encoding="UTF-8"?>
<office:document-meta xmlns:office="urn:oasis:names:tc:opendocument:xmlns:office:1.0" xmlns:xlink="http://www.w3.org/1999/xlink" xmlns:dc="http://purl.org/dc/elements/1.1/" xmlns:meta="urn:oasis:names:tc:opendocument:xmlns:meta:1.0" xmlns:ooo="http://openoffice.org/2004/office" xmlns:grddl="http://www.w3.org/2003/g/data-view#" office:version="1.2"><office:meta><meta:creation-date>2012-08-03T11:25:01.42</meta:creation-date><meta:editing-duration>PT31M8S</meta:editing-duration><meta:editing-cycles>7</meta:editing-cycles><meta:generator>OpenOffice.org/3.4$Win32 OpenOffice.org_project/340m1$Build-9590</meta:generator><dc:date>2012-08-03T11:56:11.39</dc:date><meta:document-statistic meta:table-count="1" meta:image-count="3" meta:object-count="0" meta:page-count="1" meta:paragraph-count="6" meta:word-count="25" meta:character-count="118"/><meta:user-defined meta:name="Info 1"/><meta:user-defined meta:name="Info 2"/><meta:user-defined meta:name="Info 3"/><meta:user-defined meta:name="Info 4"/></office:meta></office:document-meta>